{"nodes":{"node:1":{"location":{"x":20,"y":20}},"node:10":{"location":{"x":850,"y":20}},"node:4":{"location":{"x":420,"y":20}},"node:7":{"location":{"x":610,"y":20}}},"selection":null,"view":{"scroll":{"x":-416440.1875,"y":64459.8828125},"visible_rect":{"max":{"x":-69227.0234375,"y":10854.6259765625},"min":{"x":-69408.6953125,"y":10743.6220703125}},"zoom":5.99982786178588867}}